" ","","103.138.22.82","103.138.22.82","Windows 7","Chrome","","28.4601,77.0263","AS135700 N R DATA SERVICE PVT LTD","Gurgaon","Haryana","IN"," ","Wed 05th Aug,2020 08:58 pm"
" ","","5.202.145.19","5.202.145.19","Windows 7","Chrome","","30.4370,49.1029","AS49100 Pishgaman Toseeh Ertebatat Company (Private Joint Stock)","Bandar-e Emam Khomeyni","Khuzestan","IR"," ","Wed 05th Aug,2020 11:10 pm"
" ","","190.133.57.129","r190-133-57-129.dialup.adsl.anteldata.net.uy","Windows 10","Chrome","","-34.7912,-54.9182","AS6057 Administracion Nacional de Telecomunicaciones","San Carlos","Maldonado","UY"," ","Thu 06th Aug,2020 12:33 am"
" ","","170.247.29.5","170-247-29-5.bital.psi.br","Windows 10","Chrome","","-2.5619,-44.0542","AS265347 BITAL INTERNET","São José de Ribamar","Maranhão","BR"," ","Thu 06th Aug,2020 12:53 am"
" ","","46.39.223.63","63-223-39-46.usuarios.innovasur.com","Windows 7","Chrome","","38.2524,-2.8887","AS60203 Innovaciones Tecnlogicas del Sur S.L.","Beas de Segura","Andalusia","ES"," ","Thu 06th Aug,2020 01:18 am"
" ","","138.185.125.68","68.125.185.138.jsouzanet.com.br","Mac OS X","Safari","","-4.2761,-55.9836","AS263840 J M Souza Oliveira Ltda ME","Itaituba","Pará","BR"," ","Thu 06th Aug,2020 01:42 am"
" ","","185.39.11.105","185.39.11.105","Ubuntu","Firefox","","52.3740,4.8897","AS62355 Network Dedicated SAS","Amsterdam","North Holland","NL"," ","Thu 06th Aug,2020 02:40 am"
" ","","2.183.98.132","2.183.98.132","Windows 7","Chrome","","37.2761,49.5886","AS58224 Iran Telecommunication Company PJS","Rasht","Gīlān","IR"," ","Thu 06th Aug,2020 03:19 am"
" ","","201.77.117.75","201-77-117-75.static.desktop.com.br","Windows 10","Chrome","","-22.5647,-47.4017","AS28649 Desktop Sigmanet Comunicação Multimídia Ltda","Limeira","São Paulo","BR"," ","Thu 06th Aug,2020 03:53 am"
" ","","84.241.29.37","84-241-29-37.shatel.ir","Windows 7","Chrome","","35.6944,51.4215","AS31549 Aria Shatel Company Ltd","Tehran","Tehrān","IR"," ","Thu 06th Aug,2020 04:25 am"
" ","","128.14.134.134","zl-lax-us-gp3-wk105.internet-census.org","Windows 10","Chrome","","34.0522,-118.2437","AS21859 Zenlayer Inc","Los Angeles","California","US"," ","Thu 06th Aug,2020 04:46 am"
" ","","106.53.40.79","106.53.40.79","Windows Vista","Firefox","","39.9075,116.3972","AS45090 Shenzhen Tencent Computer Systems Company Limited","Beijing","Beijing","CN"," ","Thu 06th Aug,2020 05:03 am"
" ","s=index/thinkapp/invokefunctionfunction=call_user_func_arrayvars0=phpinfovars1=1","106.53.40.79","106.53.40.79","Windows Vista","Firefox","","39.9075,116.3972","AS45090 Shenzhen Tencent Computer Systems Company Limited","Beijing","Beijing","CN"," ","Thu 06th Aug,2020 05:03 am"
" ","s=captcha","106.53.40.79","106.53.40.79","Unknown OS Platform","Unknown Browser","","39.9075,116.3972","AS45090 Shenzhen Tencent Computer Systems Company Limited","Beijing","Beijing","CN"," ","Thu 06th Aug,2020 05:03 am"
" ","","106.53.40.79","106.53.40.79","Windows Vista","Firefox","","39.9075,116.3972","AS45090 Shenzhen Tencent Computer Systems Company Limited","Beijing","Beijing","CN"," ","Thu 06th Aug,2020 05:03 am"
" ","","163.172.66.130","163-172-66-130.rev.poneytelecom.eu","Windows 7","Firefox","","48.8534,2.3488","AS12876 ONLINE S.A.S.","Paris","Île-de-France","FR"," ","Thu 06th Aug,2020 05:31 am"
" ","","80.82.78.85","80.82.78.85","Ubuntu","Firefox","","52.3740,4.8897","AS202425 IP Volume inc","Amsterdam","North Holland","NL"," ","Thu 06th Aug,2020 06:00 am"
" ","XDEBUG_SESSION_START=phpstorm","195.54.160.21","195.54.160.21","Windows 10","Chrome","","60.0922,30.2368","AS49505 OOO Network of data-centers Selectel","Levashovo","St.-Petersburg","RU"," ","Thu 06th Aug,2020 06:08 am"
" ","XDEBUG_SESSION_START=phpstorm","195.54.160.21","195.54.160.21","Windows 10","Chrome","","60.0922,30.2368","AS49505 OOO Network of data-centers Selectel","Levashovo","St.-Petersburg","RU"," ","Thu 06th Aug,2020 06:14 am"
" ","a=fetchcontent=phpdie@md5HelloThinkCMF/php","195.54.160.21","195.54.160.21","Windows 10","Chrome","","60.0922,30.2368","AS49505 OOO Network of data-centers Selectel","Levashovo","St.-Petersburg","RU"," ","Thu 06th Aug,2020 06:14 am"
" ","s=/Index/thinkapp/invokefunctionfunction=call_user_func_arrayvars0=md5vars1=HelloThinkPHP","195.54.160.21","195.54.160.21","Windows 10","Chrome","","60.0922,30.2368","AS49505 OOO Network of data-centers Selectel","Levashovo","St.-Petersburg","RU"," ","Thu 06th Aug,2020 06:14 am"
" ","","37.49.224.168","37.49.224.168","Ubuntu","Firefox","http://58.10.94.35:80/left.html","52.0767,4.2986","AS199264 VITOX TELECOM","The Hague","South Holland","NL"," ","Thu 06th Aug,2020 08:18 am"
" ","XDEBUG_SESSION_START=phpstorm","195.54.160.21","195.54.160.21","Windows 10","Chrome","","60.0922,30.2368","AS49505 OOO Network of data-centers Selectel","Levashovo","St.-Petersburg","RU"," ","Thu 06th Aug,2020 09:15 am"
" ","a=fetchcontent=phpdie@md5HelloThinkCMF/php","195.54.160.21","195.54.160.21","Windows 10","Chrome","","60.0922,30.2368","AS49505 OOO Network of data-centers Selectel","Levashovo","St.-Petersburg","RU"," ","Thu 06th Aug,2020 09:26 am"
" ","s=/Index/thinkapp/invokefunctionfunction=call_user_func_arrayvars0=md5vars1=HelloThinkPHP","195.54.160.21","195.54.160.21","Windows 10","Chrome","","60.0922,30.2368","AS49505 OOO Network of data-centers Selectel","Levashovo","St.-Petersburg","RU"," ","Thu 06th Aug,2020 09:30 am"
" ","","83.97.20.130","130.20.97.83.ro.ovo.sc","Ubuntu","Firefox","","44.4323,26.1063","AS9009 M247 Ltd","Bucharest","Bucureşti","RO"," ","Thu 06th Aug,2020 10:14 am"
" ","","156.96.156.138","156.96.156.138","Unknown OS Platform","Unknown Browser","","34.0522,-118.2437","AS46664 VolumeDrive","Los Angeles","California","US"," ","Thu 06th Aug,2020 10:27 am"
" ","","143.255.242.200","242-255-143-200.souclicknet.com.br","Windows 10","Chrome","","-15.1022,-44.0919","AS265157 INTER SOFT INFORMATICA LTDA","Itacarambi","Minas Gerais","BR"," ","Thu 06th Aug,2020 10:55 am"
" ","","42.240.133.39","42.240.133.39","Unknown OS Platform","Unknown Browser","","23.1167,113.2500","AS58466 CHINANET Guangdong province network","Guangzhou","Guangdong","CN"," ","Thu 06th Aug,2020 11:03 am"
" ","","128.127.94.130","host-a130.net.gecon.com.pl","Windows 7","Chrome","","52.7368,15.2288","AS35745 KSU Provector Mariusz Dziakowicz","Gorzów Wielkopolski","Lubusz","PL"," ","Thu 06th Aug,2020 11:25 am"
" ","","139.162.119.197","scan-72.security.ipip.net","Unknown OS Platform","Unknown Browser","","39.0437,-77.4875","AS63949 Linode, LLC","Ashburn","Virginia","US"," ","Thu 06th Aug,2020 11:45 am"
" ","","184.22.216.217","184-22-216-0.24.nat.sila1-cgn03.myaisfibre.com","Unknown OS Platform","Unknown Browser","","13.7540,100.5014","AS133481 AIS Fibre","Bangkok","Bangkok","TH"," ","Thu 06th Aug,2020 03:08 pm"
" ","","193.176.213.251","193.176.213.251","Mac OS X","Safari","","42.4780,44.4762","AS49628 LLC Skytel","Gudauri","Mtskheta-Mtianeti","GE"," ","Thu 06th Aug,2020 04:36 pm"
" ","","45.224.42.252","reverso-45-224-42-252.dktelecom.net.br","Mac OS X","Safari","","-8.4189,-37.0539","AS267641 DK Telecom","Arcoverde","Pernambuco","BR"," ","Thu 06th Aug,2020 05:25 pm"
" ","","103.144.241.230","103.144.241.230","Windows 7","Firefox","","22.2783,114.1747","AS38478 SunnyVision Limited","Hong Kong","Central and Western","HK"," ","Thu 06th Aug,2020 05:33 pm"
" ","","103.144.241.230","103.144.241.230","Windows 10","Firefox","","22.2783,114.1747","AS38478 SunnyVision Limited","Hong Kong","Central and Western","HK"," ","Thu 06th Aug,2020 05:33 pm"
" ","","103.144.241.230","103.144.241.230","Windows 10","Chrome","","22.2783,114.1747","AS38478 SunnyVision Limited","Hong Kong","Central and Western","HK"," ","Thu 06th Aug,2020 05:33 pm"
" ","s=2f696e6465782f5c7468696e6b5c6170702f696e766f6b6566756e6374696f6efunction=63616c6c5f757365725f66756e635f6172726179vars0=6d645vars1=48656c6c6f5468696e6b504850","103.144.241.230","103.144.241.230","Windows 7","Internet Explorer","","22.2783,114.1747","AS38478 SunnyVision Limited","Hong Kong","Central and Western","HK"," ","Thu 06th Aug,2020 05:33 pm"
" ","","103.144.241.230","103.144.241.230","Windows 7","Internet Explorer","","22.2783,114.1747","AS38478 SunnyVision Limited","Hong Kong","Central and Western","HK"," ","Thu 06th Aug,2020 05:33 pm"
" ","s=/module/action/param1/@diemd5HelloThinkPHP","103.144.241.230","103.144.241.230","Windows 7","Internet Explorer","","22.2783,114.1747","AS38478 SunnyVision Limited","Hong Kong","Central and Western","HK"," ","Thu 06th Aug,2020 05:33 pm"
" ","a=fetchcontent=phpdie@md5HelloThinkCMF/php","103.144.241.230","103.144.241.230","Windows 7","Internet Explorer","","22.2783,114.1747","AS38478 SunnyVision Limited","Hong Kong","Central and Western","HK"," ","Thu 06th Aug,2020 05:33 pm"
" ","","103.144.241.230","103.144.241.230","Windows 7","Internet Explorer","","22.2783,114.1747","AS38478 SunnyVision Limited","Hong Kong","Central and Western","HK"," ","Thu 06th Aug,2020 05:33 pm"
" ","a=echo20n20HelloNginx7Cmd5sum","103.144.241.230","103.144.241.230","Windows 7","Internet Explorer","","22.2783,114.1747","AS38478 SunnyVision Limited","Hong Kong","Central and Western","HK"," ","Thu 06th Aug,2020 05:33 pm"
" ","","129.204.201.59","129.204.201.59","Windows Vista","Firefox","","39.9075,116.3972","AS45090 Shenzhen Tencent Computer Systems Company Limited","Beijing","Beijing","CN"," ","Thu 06th Aug,2020 05:39 pm"
" ","s=index/thinkapp/invokefunctionfunction=call_user_func_arrayvars0=phpinfovars1=1","129.204.201.59","129.204.201.59","Windows Vista","Firefox","","39.9075,116.3972","AS45090 Shenzhen Tencent Computer Systems Company Limited","Beijing","Beijing","CN"," ","Thu 06th Aug,2020 05:39 pm"
" ","s=captcha","129.204.201.59","129.204.201.59","Unknown OS Platform","Unknown Browser","","39.9075,116.3972","AS45090 Shenzhen Tencent Computer Systems Company Limited","Beijing","Beijing","CN"," ","Thu 06th Aug,2020 05:39 pm"
" ","","129.204.201.59","129.204.201.59","Windows Vista","Firefox","","39.9075,116.3972","AS45090 Shenzhen Tencent Computer Systems Company Limited","Beijing","Beijing","CN"," ","Thu 06th Aug,2020 05:39 pm"
" ","","190.94.140.246","246.190-94-140.etapanet.net","Windows 10","Chrome","","-2.9005,-79.0045","AS27668 ETAPA EP","Cuenca","Azuay","EC"," ","Thu 06th Aug,2020 06:56 pm"
" ","","177.223.104.31","177.223.104.31.txfiber.net.br","Windows 10","Chrome","","-23.5331,-49.2444","AS52726 TxFiber Telecom Eireli","Taquarituba","São Paulo","BR"," ","Thu 06th Aug,2020 07:11 pm"
" ","","39.152.212.49","39.152.212.49","Windows 7","Internet Explorer","http://58.10.94.25:80","41.7922,123.4328","AS56044 China Mobile communications corporation","Shenyang","Liaoning","CN"," ","Thu 06th Aug,2020 07:37 pm"
" ","","186.189.216.68","186.189.216.68","Unknown OS Platform","Unknown Browser","","14.6407,-90.5133","AS23243 COMCEL GUATEMALA S.A.","Guatemala City","Guatemala","GT"," ","Thu 06th Aug,2020 09:00 pm"
" ","","106.53.230.169","106.53.230.169","Windows Vista","Firefox","","23.1167,113.2500","AS45090 Shenzhen Tencent Computer Systems Company Limited","Guangzhou","Guangdong","CN"," ","Thu 06th Aug,2020 10:10 pm"
" ","","186.83.3.88","dynamic-ip-18683388.cable.net.co","Windows 7","Chrome","","4.6097,-74.0817","AS10620 Telmex Colombia S.A.","Bogotá","Bogota D.C.","CO"," ","Thu 06th Aug,2020 10:31 pm"
" ","","37.49.224.168","37.49.224.168","Ubuntu","Firefox","http://58.10.94.25:80/left.html","52.0767,4.2986","AS199264 VITOX TELECOM","The Hague","South Holland","NL"," ","Thu 06th Aug,2020 11:23 pm"
" ","","91.201.180.70","91.201.180.70","Windows 10","Chrome","","49.9808,36.2527","AS44383 KP CIC Kharkov","Kharkiv","Kharkiv","UA"," ","Fri 07th Aug,2020 12:08 am"
" ","","185.173.35.29","185.173.35.29.netsystemsresearch.com","Unknown OS Platform","Unknown Browser","","39.0437,-77.4875","AS36351 SoftLayer Technologies Inc.","Ashburn","Virginia","US"," ","Fri 07th Aug,2020 12:20 am"
" ","XDEBUG_SESSION_START=phpstorm","195.54.160.21","195.54.160.21","Windows 10","Chrome","","60.0922,30.2368","AS49505 OOO Network of data-centers Selectel","Levashovo","St.-Petersburg","RU"," ","Fri 07th Aug,2020 12:31 am"
" ","a=fetchcontent=phpdie@md5HelloThinkCMF/php","195.54.160.21","195.54.160.21","Windows 10","Chrome","","60.0922,30.2368","AS49505 OOO Network of data-centers Selectel","Levashovo","St.-Petersburg","RU"," ","Fri 07th Aug,2020 12:50 am"
" ","s=/Index/thinkapp/invokefunctionfunction=call_user_func_arrayvars0=md5vars1=HelloThinkPHP","195.54.160.21","195.54.160.21","Windows 10","Chrome","","60.0922,30.2368","AS49505 OOO Network of data-centers Selectel","Levashovo","St.-Petersburg","RU"," ","Fri 07th Aug,2020 12:57 am"
" ","","128.14.209.234","survey.internet-census.org","Windows 10","Chrome","","32.7831,-96.8067","AS21859 Zenlayer Inc","Dallas","Texas","US"," ","Fri 07th Aug,2020 01:36 am"
" ","","80.82.78.85","80.82.78.85","Ubuntu","Firefox","","52.3740,4.8897","AS202425 IP Volume inc","Amsterdam","North Holland","NL"," ","Fri 07th Aug,2020 03:01 am"
" ","","185.39.11.105","185.39.11.105","Ubuntu","Firefox","http://58.10.94.25:80/left.html","52.3740,4.8897","AS62355 Network Dedicated SAS","Amsterdam","North Holland","NL"," ","Fri 07th Aug,2020 04:01 am"
" ","","94.41.100.197","94.41.100.197.dynamic.ufanet.ru","Windows 10","Chrome","","54.7431,55.9678","AS24955 OJSC Ufanet","Ufa","Bashkortostan Republic","RU"," ","Fri 07th Aug,2020 05:13 am"
" ","","195.181.83.62","195.181.83.62","Windows 7","Chrome","","37.2761,49.5886","AS58224 Iran Telecommunication Company PJS","Rasht","Gīlān","IR"," ","Fri 07th Aug,2020 05:25 am"
" ","","185.142.236.40","blue.census.shodan.io","Windows 7","Chrome","","52.3740,4.8897","AS174 Cogent Communications","Amsterdam","North Holland","NL"," ","Fri 07th Aug,2020 05:34 am"
" ","","82.78.191.237","82-78-191-237.static.brasov.rdsnet.ro","Mac OS X","Safari","","45.6486,25.6061","AS8708 RCS & RDS SA","Braşov","Braşov","RO"," ","Fri 07th Aug,2020 07:04 am"
" ","","37.49.224.168","37.49.224.168","Ubuntu","Firefox","http://58.10.94.25:80/left.html","52.0767,4.2986","AS199264 VITOX TELECOM","The Hague","South Holland","NL"," ","Fri 07th Aug,2020 07:27 am"
" ","","180.149.125.165","180.149.125.165","Windows 10","Chrome","","47.9077,106.8832","AS45204 GEMNET LLC","Ulan Bator","Ulaanbaatar","MN"," ","Fri 07th Aug,2020 07:43 am"
" ","","81.24.91.212","81.24.91.212","Windows 7","Chrome","","42.9764,47.5024","AS57227 Subnet LLC","Makhachkala","Dagestan","RU"," ","Fri 07th Aug,2020 08:21 am"
" ","","71.6.232.9","71.6.232.9","Windows 10","Chrome","","32.7157,-117.1647","AS10439 CariNet, Inc.","San Diego","California","US"," ","Fri 07th Aug,2020 09:54 am"
" ","","104.152.52.21","internettl.org","Unknown OS Platform","Unknown Browser","","41.8500,-87.6500","AS14987 Rethem Hosting LLC","Chicago","Illinois","US"," ","Fri 07th Aug,2020 10:12 am"
" ","","156.96.156.138","156.96.156.138","Unknown OS Platform","Unknown Browser","","34.0522,-118.2437","AS46664 VolumeDrive","Los Angeles","California","US"," ","Fri 07th Aug,2020 10:37 am"
" ","XDEBUG_SESSION_START=phpstorm","195.54.160.21","195.54.160.21","Windows 10","Chrome","","60.0922,30.2368","AS49505 OOO Network of data-centers Selectel","Levashovo","St.-Petersburg","RU"," ","Fri 07th Aug,2020 12:57 pm"
" ","a=fetchcontent=phpdie@md5HelloThinkCMF/php","195.54.160.21","195.54.160.21","Windows 10","Chrome","","60.0922,30.2368","AS49505 OOO Network of data-centers Selectel","Levashovo","St.-Petersburg","RU"," ","Fri 07th Aug,2020 01:13 pm"
" ","s=/Index/thinkapp/invokefunctionfunction=call_user_func_arrayvars0=md5vars1=HelloThinkPHP","195.54.160.21","195.54.160.21","Windows 10","Chrome","","60.0922,30.2368","AS49505 OOO Network of data-centers Selectel","Levashovo","St.-Petersburg","RU"," ","Fri 07th Aug,2020 01:17 pm"
" ","","114.55.104.155","114.55.104.155","Windows Vista","Firefox","","24.9139,118.5858","AS37963 Hangzhou Alibaba Advertising Co.,Ltd.","Quanzhou","Fujian","CN"," ","Fri 07th Aug,2020 01:39 pm"
" ","","121.166.137.149","121.166.137.149","Windows 10","Chrome","","37.5660,126.9784","AS4766 Korea Telecom","Seoul","Seoul","KR"," ","Fri 07th Aug,2020 02:05 pm"
" ","","37.49.224.101","37.49.224.101","Ubuntu","Firefox","http://58.10.94.25:80/left.html","52.3740,4.8897","AS199264 VITOX TELECOM","Amsterdam","North Holland","NL"," ","Fri 07th Aug,2020 03:03 pm"
" ","","41.80.98.71","41.80.98.71","Mac OS X","Safari","","-1.2833,36.8167","AS33771 Safaricom Limited","Nairobi","Nairobi Area","KE"," ","Fri 07th Aug,2020 03:37 pm"
" ","","139.162.106.181","scan-67.security.ipip.net","Unknown OS Platform","Unknown Browser","","39.0437,-77.4875","AS63949 Linode, LLC","Ashburn","Virginia","US"," ","Fri 07th Aug,2020 04:01 pm"
" ","","222.186.61.115","222.186.61.115","Unknown OS Platform","Unknown Browser","","31.2222,121.4581","AS23650 AS Number for CHINANET jiangsu province backbone","Shanghai","Shanghai","CN"," ","Fri 07th Aug,2020 05:22 pm"
" ","","185.89.158.42","185.89.158.42","Windows 7","Chrome","","41.3275,19.8189","AS198279 Albanian Telecommunications Union SH. P.K.","Tirana","Tirana","AL"," ","Fri 07th Aug,2020 05:39 pm"
" ","","84.181.180.139","p54b5b48b.dip0.t-ipconnect.de","Unknown OS Platform","Chrome","","51.1264,7.9033","AS3320 Deutsche Telekom AG","Attendorn","North Rhine-Westphalia","DE"," ","Fri 07th Aug,2020 06:31 pm"
" ","","5.236.210.227","5.236.210.227","Windows 7","Chrome","","35.0213,50.3566","AS58224 Iran Telecommunication Company PJS","Sāveh","Markazi","IR"," ","Fri 07th Aug,2020 06:57 pm"
" ","","5.236.210.227","5.236.210.227","Windows 7","Chrome","","35.0213,50.3566","AS58224 Iran Telecommunication Company PJS","Sāveh","Markazi","IR"," ","Fri 07th Aug,2020 06:57 pm"
" ","","5.236.210.227","5.236.210.227","Windows 7","Chrome","","35.0213,50.3566","AS58224 Iran Telecommunication Company PJS","Sāveh","Markazi","IR"," ","Fri 07th Aug,2020 06:57 pm"
" ","","128.14.133.58","zl-lax-us-gp3-wk104.internet-census.org","Windows 10","Chrome","","34.0522,-118.2437","AS21859 Zenlayer Inc","Los Angeles","California","US"," ","Fri 07th Aug,2020 07:29 pm"
" ","","200.53.28.157","200-53-28-157.acessoline.net.br","Windows 7","Chrome","","-26.1058,-49.7975","AS262391 ACESSOLINE TELECOMUNICACOES LTDA","Rio Negro","Paraná","BR"," ","Fri 07th Aug,2020 07:46 pm"
" ","","185.199.26.122","ipv4-185-199-26-122.it.altitud.net","Mac OS X","Safari","","41.3143,16.2816","AS57111 ALTITUD S.r.l.","Barletta","Apulia","IT"," ","Fri 07th Aug,2020 08:10 pm"
" ","","80.82.78.85","80.82.78.85","Ubuntu","Firefox","","52.3740,4.8897","AS202425 IP Volume inc","Amsterdam","North Holland","NL"," ","Fri 07th Aug,2020 11:08 pm"
" ","XDEBUG_SESSION_START=phpstorm","195.54.160.21","195.54.160.21","Windows 10","Chrome","","60.0922,30.2368","AS49505 OOO Network of data-centers Selectel","Levashovo","St.-Petersburg","RU"," ","Fri 07th Aug,2020 11:10 pm"
" ","a=fetchcontent=phpdie@md5HelloThinkCMF/php","195.54.160.21","195.54.160.21","Windows 10","Chrome","","60.0922,30.2368","AS49505 OOO Network of data-centers Selectel","Levashovo","St.-Petersburg","RU"," ","Fri 07th Aug,2020 11:16 pm"
" ","s=/Index/thinkapp/invokefunctionfunction=call_user_func_arrayvars0=md5vars1=HelloThinkPHP","195.54.160.21","195.54.160.21","Windows 10","Chrome","","60.0922,30.2368","AS49505 OOO Network of data-centers Selectel","Levashovo","St.-Petersburg","RU"," ","Fri 07th Aug,2020 11:18 pm"
" ","","104.192.3.82","ip-104-192-3-82.host.datawagon.net","Unknown OS Platform","Unknown Browser","","40.7143,-74.0060","AS27176 DataWagon LLC","New York City","New York","US"," ","Sat 08th Aug,2020 12:10 am"
" ","","42.98.78.41","42-98-78-041.static.netvigator.com","Unknown OS Platform","Unknown Browser","","22.2783,114.1747","AS4760 HKT Limited","Hong Kong","Central and Western","HK"," ","Sat 08th Aug,2020 02:32 am"
" ","","37.46.134.99","h16.newmoldova.com","Windows 10","Chrome","","59.4471,32.0205","AS29182 JSC The First","Kirishi","Leningradskaya Oblast'","RU"," ","Sat 08th Aug,2020 03:48 am"
" ","","134.175.93.231","134.175.93.231","Windows Server 2003/XP x64","Internet Explorer","","23.1167,113.2500","AS45090 Shenzhen Tencent Computer Systems Company Limited","Guangzhou","Guangdong","CN"," ","Sat 08th Aug,2020 03:55 am"
" ","","134.175.93.231","134.175.93.231","Linux","Chrome","","23.1167,113.2500","AS45090 Shenzhen Tencent Computer Systems Company Limited","Guangzhou","Guangdong","CN"," ","Sat 08th Aug,2020 03:55 am"
" ","","134.175.93.231","134.175.93.231","Windows Vista","Internet Explorer","","23.1167,113.2500","AS45090 Shenzhen Tencent Computer Systems Company Limited","Guangzhou","Guangdong","CN"," ","Sat 08th Aug,2020 03:55 am"
" ","s=2f696e6465782f5c7468696e6b5c6170702f696e766f6b6566756e6374696f6efunction=63616c6c5f757365725f66756e635f6172726179vars0=6d645vars1=48656c6c6f5468696e6b504850","134.175.93.231","134.175.93.231","Windows 7","Internet Explorer","","23.1167,113.2500","AS45090 Shenzhen Tencent Computer Systems Company Limited","Guangzhou","Guangdong","CN"," ","Sat 08th Aug,2020 03:56 am"
" ","","134.175.93.231","134.175.93.231","Windows 7","Internet Explorer","","23.1167,113.2500","AS45090 Shenzhen Tencent Computer Systems Company Limited","Guangzhou","Guangdong","CN"," ","Sat 08th Aug,2020 03:56 am"
" ","s=/module/action/param1/@diemd5HelloThinkPHP","134.175.93.231","134.175.93.231","Windows 7","Internet Explorer","","23.1167,113.2500","AS45090 Shenzhen Tencent Computer Systems Company Limited","Guangzhou","Guangdong","CN"," ","Sat 08th Aug,2020 03:56 am"
" ","a=fetchcontent=phpdie@md5HelloThinkCMF/php","134.175.93.231","134.175.93.231","Windows 7","Internet Explorer","","23.1167,113.2500","AS45090 Shenzhen Tencent Computer Systems Company Limited","Guangzhou","Guangdong","CN"," ","Sat 08th Aug,2020 03:56 am"
" ","","134.175.93.231","134.175.93.231","Windows 7","Internet Explorer","","23.1167,113.2500","AS45090 Shenzhen Tencent Computer Systems Company Limited","Guangzhou","Guangdong","CN"," ","Sat 08th Aug,2020 03:56 am"
" ","a=echo20n20HelloNginx7Cmd5sum","134.175.93.231","134.175.93.231","Windows 7","Internet Explorer","","23.1167,113.2500","AS45090 Shenzhen Tencent Computer Systems Company Limited","Guangzhou","Guangdong","CN"," ","Sat 08th Aug,2020 03:56 am"
" ","","183.136.225.44","183.136.225.44","Mac OS X","Firefox","","30.2936,120.1614","AS58461 CT-HangZhou-IDC","Hangzhou","Zhejiang","CN"," ","Sat 08th Aug,2020 04:03 am"
" ","","83.97.20.130","130.20.97.83.ro.ovo.sc","Ubuntu","Firefox","","44.4323,26.1063","AS9009 M247 Ltd","Bucharest","Bucureşti","RO"," ","Sat 08th Aug,2020 04:45 am"
" ","","185.173.35.41","185.173.35.41.netsystemsresearch.com","Unknown OS Platform","Unknown Browser","","39.0437,-77.4875","AS36351 SoftLayer Technologies Inc.","Ashburn","Virginia","US"," ","Sat 08th Aug,2020 05:36 am"
" ","","118.172.154.178","node-uk2.pool-118-172.dynamic.totinternet.net","Windows 7","Chrome","","14.8565,100.9846","AS23969 TOT Public Company Limited","Phatthana Nikhom","Lopburi","TH"," ","Sat 08th Aug,2020 05:54 am"
" ","","118.172.154.178","node-uk2.pool-118-172.dynamic.totinternet.net","Windows 10","Chrome","","14.8565,100.9846","AS23969 TOT Public Company Limited","Phatthana Nikhom","Lopburi","TH"," ","Sat 08th Aug,2020 05:54 am"
" ","","118.172.154.178","node-uk2.pool-118-172.dynamic.totinternet.net","Windows XP","Chrome","","14.8565,100.9846","AS23969 TOT Public Company Limited","Phatthana Nikhom","Lopburi","TH"," ","Sat 08th Aug,2020 05:54 am"
" ","s=2f696e6465782f5c7468696e6b5c6170702f696e766f6b6566756e6374696f6efunction=63616c6c5f757365725f66756e635f6172726179vars0=6d645vars1=48656c6c6f5468696e6b504850","118.172.154.178","node-uk2.pool-118-172.dynamic.totinternet.net","Windows 7","Chrome","","14.8565,100.9846","AS23969 TOT Public Company Limited","Phatthana Nikhom","Lopburi","TH"," ","Sat 08th Aug,2020 05:54 am"
" ","","118.172.154.178","node-uk2.pool-118-172.dynamic.totinternet.net","Windows 7","Chrome","","14.8565,100.9846","AS23969 TOT Public Company Limited","Phatthana Nikhom","Lopburi","TH"," ","Sat 08th Aug,2020 05:54 am"
" ","s=/module/action/param1/@diemd5HelloThinkPHP","118.172.154.178","node-uk2.pool-118-172.dynamic.totinternet.net","Windows 7","Chrome","","14.8565,100.9846","AS23969 TOT Public Company Limited","Phatthana Nikhom","Lopburi","TH"," ","Sat 08th Aug,2020 05:54 am"
" ","a=fetchcontent=phpdie@md5HelloThinkCMF/php","118.172.154.178","node-uk2.pool-118-172.dynamic.totinternet.net","Windows 7","Chrome","","14.8565,100.9846","AS23969 TOT Public Company Limited","Phatthana Nikhom","Lopburi","TH"," ","Sat 08th Aug,2020 05:54 am"
" ","","118.172.154.178","node-uk2.pool-118-172.dynamic.totinternet.net","Windows 7","Chrome","","14.8565,100.9846","AS23969 TOT Public Company Limited","Phatthana Nikhom","Lopburi","TH"," ","Sat 08th Aug,2020 05:54 am"
" ","a=echo20n20HelloNginx7Cmd5sum","118.172.154.178","node-uk2.pool-118-172.dynamic.totinternet.net","Windows 7","Chrome","","14.8565,100.9846","AS23969 TOT Public Company Limited","Phatthana Nikhom","Lopburi","TH"," ","Sat 08th Aug,2020 05:54 am"
" ","","118.172.154.178","node-uk2.pool-118-172.dynamic.totinternet.net","Linux","Chrome","","14.8565,100.9846","AS23969 TOT Public Company Limited","Phatthana Nikhom","Lopburi","TH"," ","Sat 08th Aug,2020 05:54 am"
" ","","118.172.154.178","node-uk2.pool-118-172.dynamic.totinternet.net","Windows Vista","Internet Explorer","","14.8565,100.9846","AS23969 TOT Public Company Limited","Phatthana Nikhom","Lopburi","TH"," ","Sat 08th Aug,2020 05:54 am"
" ","","118.172.154.178","node-uk2.pool-118-172.dynamic.totinternet.net","Windows 7","Internet Explorer","","14.8565,100.9846","AS23969 TOT Public Company Limited","Phatthana Nikhom","Lopburi","TH"," ","Sat 08th Aug,2020 05:54 am"
" ","","79.69.43.192","79-69-43-192.dynamic.dsl.as9105.com","Unknown OS Platform","Unknown Browser","","53.0042,-2.1854","AS9105 TalkTalk Communications Limited","Stoke-on-Trent","England","GB"," ","Sat 08th Aug,2020 06:59 am"
" ","","62.171.189.221","vmi418170.contaboserver.net","Unknown OS Platform","Unknown Browser","","40.9395,-76.1716","AS51167 Contabo GmbH","Nuremberg","Pennsylvania","US"," ","Sat 08th Aug,2020 07:05 am"
" ","","60.190.248.13","60.190.248.13","Unknown OS Platform","Unknown Browser","","30.2936,120.1614","AS4134 CHINANET-BACKBONE","Hangzhou","Zhejiang","CN"," ","Sat 08th Aug,2020 08:05 am"
" ","","60.191.20.213","60.191.20.213","Unknown OS Platform","Unknown Browser","","30.2936,120.1614","AS4134 CHINANET-BACKBONE","Hangzhou","Zhejiang","CN"," ","Sat 08th Aug,2020 08:05 am"
" ","","193.118.53.202","zl-ams-nl-gp3-wk102.internet-census.org","Windows 10","Chrome","","52.3740,4.8897","AS21859 Zenlayer Inc","Amsterdam","North Holland","NL"," ","Sat 08th Aug,2020 08:22 am"
" ","","220.161.204.2","220.161.204.2","Mac OS X","Chrome","","26.6617,119.5228","AS4134 CHINANET-BACKBONE","Ningde","Fujian","CN"," ","Sat 08th Aug,2020 08:35 am"
" ","","103.135.38.195","103.135.38.195","Mac OS X","Safari","","24.5858,73.7135","AS133469 Multinet (Udaipur) Private Limited","Udaipur","Rajasthan","IN"," ","Sat 08th Aug,2020 08:35 am"
" ","","220.161.204.2","220.161.204.2","Unknown OS Platform","Unknown Browser","","26.6617,119.5228","AS4134 CHINANET-BACKBONE","Ningde","Fujian","CN"," ","Sat 08th Aug,2020 08:42 am"
" ","","220.161.204.2","220.161.204.2","Unknown OS Platform","Unknown Browser","","26.6617,119.5228","AS4134 CHINANET-BACKBONE","Ningde","Fujian","CN"," ","Sat 08th Aug,2020 08:50 am"
" ","","220.161.204.2","220.161.204.2","Unknown OS Platform","Unknown Browser","","26.6617,119.5228","AS4134 CHINANET-BACKBONE","Ningde","Fujian","CN"," ","Sat 08th Aug,2020 08:57 am"
" ","","45.95.168.212","maxko-hosting.com","Ubuntu","Firefox","http://58.10.94.62:80/left.html","45.4661,16.3783","AS42864 Giganet Internet Szolgaltato Kft","Sisak","Sisačko-Moslavačka","HR"," ","Sat 08th Aug,2020 09:27 am"
" ","","77.222.113.254","pool-77-222-113-254.is74.ru","Mac OS X","Safari","","55.1540,61.4291","AS8369 Intersvyaz-2 JSC","Chelyabinsk","Chelyabinsk","RU"," ","Sat 08th Aug,2020 11:24 am"
" ","","178.22.113.5","178.22.113.5","Windows 7","Chrome","","49.4719,17.1118","AS197013 Sprintel s.r.o.","Prostějov","Olomoucký","CZ"," ","Sat 08th Aug,2020 11:30 am"
" ","","151.235.206.236","151.235.206.236","Mac OS X","Safari","","37.2761,49.5886","AS58224 Iran Telecommunication Company PJS","Rasht","Gīlān","IR"," ","Sat 08th Aug,2020 11:34 am"
" ","","61.90.110.98","ppp-61-90-110-98.revip.asianet.co.th","Mac OS X","Safari","","13.7540,100.5014","AS17552 True Internet Co.,Ltd.","Bangkok","Bangkok","TH"," ","Sat 08th Aug,2020 12:14 pm"
" ","","192.35.168.251","worker-15.sfj.censys-scanner.com","Unknown OS Platform","Unknown Browser","","46.5435,-87.3954","AS237 Merit Network Inc.","Marquette","Michigan","US"," ","Sat 08th Aug,2020 12:24 pm"
" ","","192.35.168.251","worker-15.sfj.censys-scanner.com","Unknown OS Platform","Unknown Browser","","46.5435,-87.3954","AS237 Merit Network Inc.","Marquette","Michigan","US"," ","Sat 08th Aug,2020 12:24 pm"
" ","","122.11.132.127","122.11.132.127","Unknown OS Platform","Unknown Browser","","1.2897,103.8501","AS4657 StarHub Ltd","Singapore","Singapore","SG"," ","Sat 08th Aug,2020 01:01 pm"
" ","","45.148.10.16","45.148.10.16","Mac OS X","Safari","","52.3740,4.8897","AS48090 PPTECHNOLOGY LIMITED","Amsterdam","North Holland","NL"," ","Sat 08th Aug,2020 01:16 pm"
" ","","185.182.123.251","185.182.123.251","Windows 7","Chrome","","40.1811,44.5136","AS47975 Supercom LLC","Yerevan","Yerevan","AM"," ","Sat 08th Aug,2020 03:01 pm"
" ","","37.255.150.66","37.255.150.66","Mac OS X","Safari","","32.6525,51.6746","AS58224 Iran Telecommunication Company PJS","Isfahan","Isfahan","IR"," ","Sat 08th Aug,2020 04:28 pm"
" ","","128.14.133.58","zl-lax-us-gp3-wk104.internet-census.org","Windows 10","Chrome","","34.0522,-118.2437","AS21859 Zenlayer Inc","Los Angeles","California","US"," ","Sat 08th Aug,2020 04:30 pm"
" ","","198.12.73.127","198-12-73-127-host.colocrossing.com","Unknown OS Platform","Unknown Browser","","40.7143,-74.0060","AS36352 ColoCrossing","New York City","New York","US"," ","Sat 08th Aug,2020 05:13 pm"
" ","","192.144.148.220","192.144.148.220","Windows Vista","Firefox","","39.9075,116.3972","AS45090 Shenzhen Tencent Computer Systems Company Limited","Beijing","Beijing","CN"," ","Sat 08th Aug,2020 06:09 pm"
" ","s=index/thinkapp/invokefunctionfunction=call_user_func_arrayvars0=phpinfovars1=1","192.144.148.220","192.144.148.220","Windows Vista","Firefox","","39.9075,116.3972","AS45090 Shenzhen Tencent Computer Systems Company Limited","Beijing","Beijing","CN"," ","Sat 08th Aug,2020 06:09 pm"
" ","s=captcha","192.144.148.220","192.144.148.220","Unknown OS Platform","Unknown Browser","","39.9075,116.3972","AS45090 Shenzhen Tencent Computer Systems Company Limited","Beijing","Beijing","CN"," ","Sat 08th Aug,2020 06:09 pm"
" ","","192.144.148.220","192.144.148.220","Windows Vista","Firefox","","39.9075,116.3972","AS45090 Shenzhen Tencent Computer Systems Company Limited","Beijing","Beijing","CN"," ","Sat 08th Aug,2020 06:09 pm"
" ","","45.95.168.212","maxko-hosting.com","Ubuntu","Firefox","http://58.10.100.149:80/left.html","45.4661,16.3783","AS42864 Giganet Internet Szolgaltato Kft","Sisak","Sisačko-Moslavačka","HR"," ","Sat 08th Aug,2020 07:44 pm"
" ","","199.249.230.171","tor82.quintex.com","Windows 10","Chrome","","45.0275,-84.6748","AS62744 Quintex Alliance Consulting","Gaylord","Michigan","US"," ","Sat 08th Aug,2020 08:25 pm"
" ","XDEBUG_SESSION_START=phpstorm","195.54.160.21","195.54.160.21","Windows 10","Chrome","","60.0922,30.2368","AS49505 OOO Network of data-centers Selectel","Levashovo","St.-Petersburg","RU"," ","Sat 08th Aug,2020 08:35 pm"
" ","","165.16.37.150","165.16.37.150","Windows 10","Chrome","","32.3753,15.0925","AS37284 Aljeel Aljadeed For Technology","Mişrātah","Mişrātah","LY"," ","Sat 08th Aug,2020 08:36 pm"
" ","a=fetchcontent=phpdie@md5HelloThinkCMF/php","195.54.160.21","195.54.160.21","Windows 10","Chrome","","60.0922,30.2368","AS49505 OOO Network of data-centers Selectel","Levashovo","St.-Petersburg","RU"," ","Sat 08th Aug,2020 09:01 pm"
" ","s=/Index/thinkapp/invokefunctionfunction=call_user_func_arrayvars0=md5vars1=HelloThinkPHP","195.54.160.21","195.54.160.21","Windows 10","Chrome","","60.0922,30.2368","AS49505 OOO Network of data-centers Selectel","Levashovo","St.-Petersburg","RU"," ","Sat 08th Aug,2020 09:07 pm"
" ","","58.10.100.149","cm-58-10-100-149.revip7.asianet.co.th","Windows 10","Chrome","","13.7540,100.5014","AS17552 True Internet Co.,Ltd.","Bangkok","Bangkok","TH"," ","Sat 08th Aug,2020 09:11 pm"
" ","","192.241.212.195","zg-0708a-49.stretchoid.com","Unknown OS Platform","Unknown Browser","","37.7309,-122.3886","AS14061 DigitalOcean, LLC","San Francisco","California","US"," ","Sat 08th Aug,2020 09:19 pm"
" ","","185.39.11.105","185.39.11.105","Ubuntu","Firefox","","52.3740,4.8897","AS62355 Network Dedicated SAS","Amsterdam","North Holland","NL"," ","Sat 08th Aug,2020 11:41 pm"
" ","","80.82.78.85","80.82.78.85","Ubuntu","Firefox","","52.3740,4.8897","AS202425 IP Volume inc","Amsterdam","North Holland","NL"," ","Sat 08th Aug,2020 11:41 pm"
" ","","172.104.108.109","scan-92.security.ipip.net","Unknown OS Platform","Unknown Browser","","35.6137,139.7271","AS63949 Linode, LLC","Tokyo","Tokyo","JP"," ","Sat 08th Aug,2020 11:58 pm"
" ","","187.33.170.143","143.170.33.187.in-addr.arpa.mkanet.com.br","Windows 7","Chrome","","-27.4556,-53.9319","AS53085 MKANET SERVICOS E COMERCIO DE INFORMATICA EIRELI","Três Passos","Rio Grande do Sul","BR"," ","Sun 09th Aug,2020 03:06 am"
" ","","80.82.78.85","80.82.78.85","Ubuntu","Firefox","http://58.10.100.149:80/left.html","52.3740,4.8897","AS202425 IP Volume inc","Amsterdam","North Holland","NL"," ","Sun 09th Aug,2020 03:27 am"
" ","","201.131.184.110","201.131.184.110","Windows 10","Chrome","","-25.1008,-52.8781","AS52912 VIEIRA E RETECHESKI LTDA","Guaraniaçu","Paraná","BR"," ","Sun 09th Aug,2020 04:10 am"
" ","","193.118.53.210","zl-ams-nl-gp3-wk103.internet-census.org","Windows 10","Chrome","","52.3740,4.8897","AS21859 Zenlayer Inc","Amsterdam","North Holland","NL"," ","Sun 09th Aug,2020 04:19 am"
" ","","65.79.208.182","65-79-208-182.ptsi.net","Windows 10","Chrome","","36.7295,-102.5132","AS11067 Panhandle Telecommunications Systems, INC.","Boise City","Oklahoma","US"," ","Sun 09th Aug,2020 04:21 am"
" ","","185.95.186.1","185.95.186.1","Windows 10","Chrome","","35.5650,45.4329","AS34515 Next Net for Internet and IT Services LTD","As Sulaymānīyah","Sulaymaniyah","IQ"," ","Sun 09th Aug,2020 07:06 am"
" ","","89.248.167.131","mason.census.shodan.io","Windows 7","Chrome","","52.3740,4.8897","AS202425 IP Volume inc","Amsterdam","North Holland","NL"," ","Sun 09th Aug,2020 08:01 am"
" ","","110.172.172.229","110.172.172.229","Windows 10","Chrome","","28.4112,77.3132","AS133647 ELXIRE DATA SERVICES PVT. LTD.","Faridabad","Haryana","IN"," ","Sun 09th Aug,2020 08:36 am"
" ","","170.239.18.34","34-18-239-170.assineibt.com.br","Windows 10","Chrome","","-12.8883,-38.6786","AS266345 INTERNET DA BAHIA LTDA","Itaparica","Bahia","BR"," ","Sun 09th Aug,2020 08:58 am"
" ","","58.10.100.149","cm-58-10-100-149.revip7.asianet.co.th","Linux","Chrome","","13.7540,100.5014","AS17552 True Internet Co.,Ltd.","Bangkok","Bangkok","TH"," ","Sun 09th Aug,2020 08:58 am"
" ","","58.10.100.149","cm-58-10-100-149.revip7.asianet.co.th","Linux","Chrome","","13.7540,100.5014","AS17552 True Internet Co.,Ltd.","Bangkok","Bangkok","TH"," ","Sun 09th Aug,2020 09:06 am"
" ","","80.82.78.85","80.82.78.85","Ubuntu","Firefox","http://58.10.95.87:80/left.html","52.3740,4.8897","AS202425 IP Volume inc","Amsterdam","North Holland","NL"," ","Sun 09th Aug,2020 12:20 pm"
" ","","222.242.254.179","222.242.254.179","Unknown OS Platform","Unknown Browser","","23.1167,113.2500","AS4134 CHINANET-BACKBONE","Guangzhou","Guangdong","CN"," ","Sun 09th Aug,2020 12:26 pm"
" ","","193.118.53.210","zl-ams-nl-gp3-wk103.internet-census.org","Windows 10","Chrome","","52.3740,4.8897","AS21859 Zenlayer Inc","Amsterdam","North Holland","NL"," ","Sun 09th Aug,2020 02:41 pm"
" ","","172.104.108.109","scan-92.security.ipip.net","Unknown OS Platform","Unknown Browser","","35.6137,139.7271","AS63949 Linode, LLC","Tokyo","Tokyo","JP"," ","Sun 09th Aug,2020 03:58 pm"
" ","","80.82.78.85","80.82.78.85","Ubuntu","Firefox","","52.3740,4.8897","AS202425 IP Volume inc","Amsterdam","North Holland","NL"," ","Sun 09th Aug,2020 04:06 pm"
" ","","80.82.78.85","80.82.78.85","Ubuntu","Firefox","http://58.10.95.87:80/left.html","52.3740,4.8897","AS202425 IP Volume inc","Amsterdam","North Holland","NL"," ","Sun 09th Aug,2020 04:25 pm"
" ","","190.128.154.222","190.128.154.222","Unknown OS Platform","Unknown Browser","","-25.2865,-57.6470","AS23201 Telecel S.A.","Asunción","Asunción","PY"," ","Sun 09th Aug,2020 04:26 pm"
" ","","190.128.154.222","190.128.154.222","Unknown OS Platform","Unknown Browser","","-25.2865,-57.6470","AS23201 Telecel S.A.","Asunción","Asunción","PY"," ","Sun 09th Aug,2020 04:26 pm"
" ","","217.95.47.234","pd95f2fea.dip0.t-ipconnect.de","Unknown OS Platform","Chrome","","51.1264,7.9033","AS3320 Deutsche Telekom AG","Attendorn","North Rhine-Westphalia","DE"," ","Sun 09th Aug,2020 05:11 pm"
" ","","141.101.229.15","141.101.229.15","Windows 7","Chrome","","48.3396,39.9595","AS62103 AirLink Ltd.","Donetsk","Rostov","RU"," ","Sun 09th Aug,2020 09:52 pm"
" ","","46.246.247.141","46.246.247.141.dsl.dyn.forthnet.gr","Windows 7","Chrome","","37.9838,23.7278","AS1241 Forthnet","Athens","Attica","GR"," ","Sun 09th Aug,2020 11:12 pm"
" ","","83.97.20.21","21.20.97.83.ro.ovo.sc","Unknown OS Platform","Unknown Browser","","44.4323,26.1063","AS9009 M247 Ltd","Bucharest","Bucureşti","RO"," ","Sun 09th Aug,2020 11:49 pm"
" ","","80.82.78.85","80.82.78.85","Ubuntu","Firefox","","52.3740,4.8897","AS202425 IP Volume inc","Amsterdam","North Holland","NL"," ","Sun 09th Aug,2020 11:50 pm"
" ","","2.57.122.192","2.57.122.192","Unknown OS Platform","Unknown Browser","","51.5085,-0.1257","AS48090 PPTECHNOLOGY LIMITED","London","England","GB"," ","Mon 10th Aug,2020 01:17 am"
" ","","156.96.156.138","156.96.156.138","Unknown OS Platform","Unknown Browser","","34.0522,-118.2437","AS46664 VolumeDrive","Los Angeles","California","US"," ","Mon 10th Aug,2020 05:20 am"
" ","","128.14.133.58","zl-lax-us-gp3-wk104.internet-census.org","Windows 10","Chrome","","34.0522,-118.2437","AS21859 Zenlayer Inc","Los Angeles","California","US"," ","Mon 10th Aug,2020 06:22 am"
" ","","83.97.20.130","130.20.97.83.ro.ovo.sc","Ubuntu","Firefox","","44.4323,26.1063","AS9009 M247 Ltd","Bucharest","Bucureşti","RO"," ","Mon 10th Aug,2020 07:10 am"
" ","","102.165.30.45","102.165.30.45","Unknown OS Platform","Unknown Browser","","-26.2023,28.0436","AS36351 SoftLayer Technologies Inc.","Johannesburg","Gauteng","ZA"," ","Mon 10th Aug,2020 07:53 am"
" ","","13.57.177.86","ec2-13-57-177-86.us-west-1.compute.amazonaws.com","Mac OS X","Chrome","","34.0522,-118.2437","AS16509 Amazon.com, Inc.","Los Angeles","California","US"," ","Mon 10th Aug,2020 09:17 am"
" ","","165.225.112.131","165.225.112.131","Windows 10","Unknown Browser","","1.2897,103.8501","AS53813 ZSCALER, INC.","Singapore","Singapore","SG"," ","Mon 10th Aug,2020 09:21 am"
" ","","165.225.112.131","165.225.112.131","Windows 10","Unknown Browser","http://tekana.ddns.net/mod.html","1.2897,103.8501","AS53813 ZSCALER, INC.","Singapore","Singapore","SG"," ","Mon 10th Aug,2020 09:21 am"
" ","","165.225.112.131","165.225.112.131","Windows 10","Unknown Browser","http://tekana.ddns.net/urlinfo.html","1.2897,103.8501","AS53813 ZSCALER, INC.","Singapore","Singapore","SG"," ","Mon 10th Aug,2020 09:21 am"
" ","","85.105.187.115","85.105.187.115.static.ttnet.com.tr","Windows 7","Chrome","","41.0138,28.9497","AS9121 Turk Telekomunikasyon Anonim Sirketi","Istanbul","Istanbul","TR"," ","Mon 10th Aug,2020 10:03 am"
" ","","185.185.41.193","185.185.41.193","Ubuntu","Firefox","http://61.90.111.43:80/left.html","51.9225,4.4792","AS7489 HostUS","Rotterdam","South Holland","NL"," ","Mon 10th Aug,2020 10:52 am"
" ","","185.39.11.105","185.39.11.105","Ubuntu","Firefox","","52.3740,4.8897","AS62355 Network Dedicated SAS","Amsterdam","North Holland","NL"," ","Mon 10th Aug,2020 11:04 am"
"BOT","","74.125.151.19","rate-limited-proxy-74-125-151-19.google.com","Unknown OS Platform","Unknown Browser","","52.3008,4.8639","AS15169 Google LLC","Amstelveen","North Holland","NL"," ","Mon 10th Aug,2020 11:13 am"
"BOT","","148.64.56.65","server65.hml.grapeshot.co.uk","Unknown OS Platform","Unknown Browser","","52.2000,0.1167","AS200981 Oracle Svenska AB","Cambridge","England","GB"," ","Mon 10th Aug,2020 11:19 am"
" ","","103.96.51.209","103.96.51.209","Windows 10","Chrome","","26.1844,91.7458","AS132960 Mukand Infotel Pvt Ltd.","Guwahati","Assam","IN"," ","Mon 10th Aug,2020 11:41 am"
" ","","130.255.27.16","130.255.27.16","Windows 10","Chrome","","53.4809,-2.2374","AS29286 SKYLOGIC S.P.A.","Manchester","England","GB"," ","Mon 10th Aug,2020 12:13 pm"
" ","","164.68.112.178","ip-178-112-68-164.static.contabo.net","Unknown OS Platform","Unknown Browser","","49.4542,11.0775","AS51167 Contabo GmbH","Nürnberg","Bavaria","DE"," ","Mon 10th Aug,2020 12:53 pm"
" ","","34.222.238.40","ec2-34-222-238-40.us-west-2.compute.amazonaws.com","Mac OS X","Chrome","","45.5235,-122.6762","AS16509 Amazon.com, Inc.","Portland","Oregon","US"," ","Mon 10th Aug,2020 01:04 pm"
"BOT","","74.125.151.19","rate-limited-proxy-74-125-151-19.google.com","Unknown OS Platform","Unknown Browser","","52.3008,4.8639","AS15169 Google LLC","Amstelveen","North Holland","NL"," ","Mon 10th Aug,2020 02:53 pm"
" ","","172.243.64.135","172.243.64.135","Windows 10","Chrome","","38.3298,-90.6576","AS7155 ViaSat,Inc.","Cedar Hill Lakes","Missouri","US"," ","Mon 10th Aug,2020 03:48 pm"
" ","","80.82.78.85","80.82.78.85","Ubuntu","Firefox","","52.3740,4.8897","AS202425 IP Volume inc","Amsterdam","North Holland","NL"," ","Mon 10th Aug,2020 04:45 pm"
" ","","188.75.134.170","170-134-75-188.jon.cz","Windows 7","Chrome","","50.0281,15.1998","AS196735 JON.CZ s.r.o.","Kolín","Central Bohemia","CZ"," ","Mon 10th Aug,2020 05:23 pm"
" ","","78.39.84.235","78.39.84.235","Windows 10","Chrome","","31.8972,54.3675","AS58224 Iran Telecommunication Company PJS","Yazd","Yazd","IR"," ","Mon 10th Aug,2020 05:29 pm"
" ","","20.185.246.195","20.185.246.195","Unknown OS Platform","Unknown Browser","","37.3058,-78.5462","AS8075 Microsoft Corporation","Hampden Sydney","Virginia","US"," ","Mon 10th Aug,2020 05:49 pm"
" ","","61.90.111.43","ppp-61-90-111-43.revip.asianet.co.th","Mac OS X","Safari","","13.7540,100.5014","AS17552 True Internet Co.,Ltd.","Bangkok","Bangkok","TH"," ","Mon 10th Aug,2020 06:19 pm"
